label,f0,f1,f2,f3,f4,f5,f6,f7,f8,f9,f10,f11,f12,f13,f14,f15,f16,f17,f18,f19,f20
A,0.32324936558217104,0.17762746922501893,0.13210462813341564,0.11152326355607692,0.12892026458272798,0.15595188489335202,0.1947606044349494,0.21588124954124718,0.22034429344683312,0.049911163890203336,0.08282596088140548,0.10814553152688021,0.034439061392905465,0.06668666919399714,0.040000503999375506,7.67820527316939,20.43072555810791,37.212033905777844,13.079341557088298,29.57770979700467,17.28948573285004
A,0.2519087182988881,0.1505881546418172,0.1066213479284631,0.08443278988052468,0.09900789719790014,0.10900150904668622,0.14907268776896934,0.17051156691821442,0.17336288480251225,0.04567974506910074,0.07378991333231764,0.09074692660025316,0.029594413547411085,0.0544607511288343,0.033553062599807164,5.641760932845645,16.682713830873865,35.609869888021166,11.877070551728965,30.437647813837092,19.046139236382007
A,0.22909501520450468,0.11440232328198037,0.08147009546966005,0.06686787102749418,0.08548297712699464,0.12454722751833915,0.15184818820547807,0.16607779687885016,0.16642496291097708,0.03618105162145323,0.060762208271359315,0.08021037916926531,0.026017122061420643,0.05143586704096832,0.03195868905391416,8.941142289180531,25.007738820161194,44.45943397836369,16.810119424218588,35.79682496746824,19.81269874134296
A,0.17712356090734305,0.09868035157284687,0.07145963024775727,0.05532111042267878,0.05949543511670828,0.08369201583138329,0.10891277942954267,0.12451801492552106,0.1302288861081479,0.028710446072044715,0.04903763293390076,0.060913082109575266,0.021245241481002812,0.035460486221316846,0.018280596365238214,6.3051569479242335,17.866959679565046,35.44878017565809,12.681023287076668,29.686528470537883,17.900525027069577
A,0.49934391386574084,0.26946293943597854,0.18219271214336805,0.1405841644064287,0.17369097940657519,0.2637114675179372,0.33581395502235123,0.36393341243718635,0.3551965978695257,0.08875195951581223,0.14249198362209894,0.16868087181918012,0.06079720668670458,0.10642753006562983,0.06307168288962213,4.19302496595482,17.970495635681115,37.438696439324254,15.928884469424897,34.69936123641849,19.78852335079518
B,0.2254572891830362,0.5244786515665341,0.5599786826678002,0.5214652498929027,0.43126964588689476,0.3033664031296349,0.33907032926062464,0.30125802256697565,0.21591891956818157,0.05002509146836383,0.06454379318657878,0.13152430822881928,0.05055512841332426,0.14407359163598477,0.09645308887408424,3.7299591529915284,7.069779791547588,11.198118257307714,3.476167162832509,7.555238442186359,4.133449372962497
B,0.17141155410621167,0.3906405663808934,0.41326124709588685,0.3801693611682853,0.32378582890167074,0.22106270531946143,0.24474516793189363,0.2133543641560008,0.1611638603056731,0.03401111530554384,0.0460480799314735,0.0916729373798586,0.039430426233183366,0.0986980833277214,0.0602058073058317,3.6279840275090356,6.674021529468437,10.12083021267924,3.106323676897296,6.5323967075822615,3.4556677264167144
B,0.15386631909172865,0.36013162067130555,0.38292621984260766,0.35071386318453357,0.2961255740329023,0.20813341886816486,0.23178641833269822,0.200899560650235,0.14977563633797458,0.03250992764196873,0.04133300743202137,0.085456182244772,0.03740110653999033,0.09463454816723393,0.05794535638145037,3.5836001108517817,6.495832559471537,9.949792414063788,2.9799773459282806,6.422554336274277,3.4652939451647944
B,0.18880655066494687,0.4467142309407511,0.47752832790043576,0.4440376984746449,0.36858895927727764,0.26373265592243555,0.29501159060247284,0.2623800850395145,0.19020091784104814,0.043898580465646785,0.05274716955626198,0.10699998827578368,0.04117911255404108,0.11908495255083683,0.07959335984502476,3.8833767493166413,6.783380177157011,10.339454751120682,2.986820472364255,6.57515140190452,3.596280258752458
B,0.29789224181531127,0.692379344635528,0.7455779333674613,0.6881324022118585,0.5689226916468886,0.4013816666668827,0.4567856947000518,0.4023914886253942,0.29111844831230116,0.07059112134148501,0.08724107915674387,0.17363952122104548,0.07354819429143282,0.19688238647094142,0.12687603270754422,3.702580541611856,7.238790612111292,11.16519159049271,3.6761571740153904,7.653566324218219,3.9802799394633093
C,0.2067371107286743,0.29432803755689574,0.2956330458516112,0.28599663122832886,0.26077747382196503,0.12285050573507053,0.12732785433569468,0.1215525683899818,0.11475494764778837,0.018236641526537558,0.026292234527354772,0.05354621893495256,0.011950027268621074,0.043144469251125264,0.03153716422331963,3.5443429963026,4.934063966609887,8.643685737330527,1.4201569631982405,5.256868496014317,3.98470963474311
C,0.15830557012527596,0.23358229016304027,0.2359920054006249,0.22965527906055597,0.21350467155463523,0.11138886812049202,0.11639390289521773,0.11569211223664162,0.11470438474140031,0.01248096742018998,0.019690676159382522,0.040228571854658716,0.010210035408835158,0.03356391960973362,0.023449172953067504,3.008678672304262,4.787374788119831,8.960311582937704,2.0008940006993563,6.373587273473993,4.415159113190093
C,0.22550987113415316,0.3254064792336606,0.32200339075630313,0.31068190238104915,0.2880470057063784,0.1574462253778862,0.154630461496316,0.15323247517699576,0.15901654731093826,0.015572874372502647,0.02565636930061705,0.059687718683404674,0.01581185294702382,0.052759302670312744,0.03697969082248326,2.7016766052046113,3.7952845688903047,8.723971806198984,2.015963530817943,7.60685336387541,5.609636364367848
C,0.18766837826655527,0.26532744489673077,0.2628999272772051,0.2527576495959724,0.23746455647010878,0.12917794303534016,0.12790557507007058,0.12502832527061297,0.13080239638958704,0.012076841498915991,0.02063239038675894,0.044253412992488805,0.012354801482767597,0.03821809567862408,0.026284044420304086,2.5849302800180705,3.634009221279891,7.860489545071893,1.5993646275128024,6.552651572960219,5.01186271610239
C,0.18995611377869706,0.2640164866957775,0.26320575391365136,0.2548075262671834,0.2395428850328333,0.12770245543933856,0.12796133048953345,0.12664638707284295,0.13191289631656394,0.014023846500536823,0.0204916048407047,0.04282772603260714,0.011030806817544926,0.036453540718919854,0.025570020683752602,3.0588100585320057,4.05665839151889,8.02041110719346,1.6129663594064434,6.338823152677392,4.770048546910082
D,0.2142325789695944,0.431394816222647,0.19734403490841645,0.17333825346343992,0.1867616817513094,0.22927759037627551,0.02103259902690777,0.051518813859962445,0.07111352013462807,0.2420183692286015,0.26036655766171063,0.2510242939410255,0.03146545539887394,0.0529780173571322,0.033372898962824527,12.119746072774848,7.261658277738082,11.383368463709925,6.3200152114083155,15.54564818449209,9.751814564481334
D,0.15839024094171342,0.3409355731885086,0.1462178762857558,0.12449754719288562,0.1292874106501408,0.1898202797605572,0.019650701380574353,0.04200449883739302,0.059786017072515234,0.20307626120884448,0.21853520867814968,0.21676967285644086,0.029559111880473044,0.048588897303554916,0.024750465899640722,14.843027906509924,8.416207599884613,12.81562460162037,8.542915930950606,19.075645666759282,11.00139508548257
D,0.2923071865678771,0.5225657066384001,0.21809660328231337,0.1742081959473318,0.16600477323895185,0.2642324235903985,0.09620676111611592,0.1402973663694627,0.17523156380353613,0.32199741575062113,0.3532589431571913,0.36866243788229125,0.05523278979871986,0.08800050463578717,0.03864693298387405,17.858450156131443,11.15679608414995,18.30386449951822,9.877697201091326,21.48686187532584,12.759286614124125
D,0.2235531231051283,0.46837371614122375,0.19260728610900626,0.15935878742566356,0.1555399222065336,0.2680239412044414,0.04999466265609765,0.07523387159344906,0.10008903733930576,0.2976557279199204,0.3165742920149632,0.32065172799800856,0.04019332476805755,0.06251054250079331,0.030301599336986056,21.499395257917275,14.463327360392197,14.98452146194548,7.405352911559731,16.727851045551716,10.968247331270197
D,0.1708828897180668,0.39404290929784697,0.1678915217771833,0.1422381320166474,0.1444834357733727,0.22973202430806766,0.02306489589527978,0.044838470249180765,0.07185732178916635,0.2372989430872993,0.2560534929529713,0.2617168678368187,0.0372135649341615,0.06201454783190258,0.029881500103863527,16.066917750659528,11.26522876665697,19.021830855898866,10.02155376272729,21.253536551520444,11.943816966631767
E,0.15478375659579213,0.28623293511433934,0.2743719954395195,0.2559605986590139,0.23455223287529609,0.1371437937293049,0.12107417272403889,0.10233686732642858,0.0888777990008991,0.03358500093355414,0.06696330564611679,0.10632743843691003,0.03426447568073287,0.07444763989919867,0.040741622990248354,6.4339234060341335,12.672811252612757,20.66177967821505,6.258368555516492,14.247311102846941,8.119144748984628
E,0.21510159306251722,0.41182959566589905,0.39392433983713293,0.36394992263248566,0.3417816658001532,0.20670569674522968,0.18625089762348976,0.16045453344975205,0.15788572116168,0.05010465048159807,0.10237462723874002,0.16522156336507463,0.05378642004523622,0.11675105003458831,0.06332300578892784,6.663602312993542,13.423939841338752,23.00754484685276,6.76522604714509,16.368507566390154,9.650134893057949
E,0.25438422052238346,0.4552580769828018,0.44618260804415144,0.41564102644210354,0.40903050880180075,0.21271372511484582,0.19914916274038078,0.17744409026559016,0.19466185709776815,0.0638384648178066,0.12634764990607372,0.20023966946503946,0.06638299376258436,0.13918896877106587,0.0739509422831379,8.041749658828781,15.854190500899739,26.09414447563092,7.850190130932165,18.066221338724503,10.250505163020453
E,0.11864071526798319,0.22321037181820735,0.20787851713226427,0.1886144366879078,0.18182377409699826,0.10798374817735991,0.09102300752426772,0.07335964554378598,0.0765511371746536,0.02598172992671063,0.055284191138328775,0.0848841403041242,0.02955316014778851,0.05918732487014553,0.030915453150790872,5.594122950145024,12.06989153736632,21.202070609540424,6.501231483861167,15.716561161611162,9.351909116044528
E,0.1697250115663658,0.3098294360022912,0.29856296510874425,0.26876662177737104,0.25347487802922114,0.1435630724131943,0.13794422161788755,0.12051162694686345,0.13023257595768206,0.043107898925511194,0.0833884672514094,0.1310942600774971,0.04423065808281639,0.09109858035882414,0.047719519262489525,7.849187836655682,14.45129474142282,24.384944827531736,6.621482324904961,16.546632629476196,9.94006447207994
F,0.2763678550689492,0.2630550168693006,0.5087780384583814,0.4676541121657976,0.3935308762206839,0.042820166160061554,0.2645409208861188,0.24834405911137336,0.2295791983753618,0.2796094891163288,0.2566175104786492,0.22800421561009596,0.07023045870020127,0.1714745736159669,0.10344125200100492,21.014800876541276,25.51399918878152,33.78535561310752,6.6930639166711,16.314259111487633,9.649655738573502
F,0.2454263021280655,0.25779450553356514,0.5341837291681176,0.5043508601016354,0.4107212072715771,0.039653737726059936,0.31837419929488764,0.3062580810248472,0.27028463727024793,0.3101121502671313,0.2931203026678611,0.25354714997180877,0.07070592257007487,0.20555254522232985,0.14046755299640365,21.84701685889274,25.397333107571544,36.21029055983764,7.082354728204165,20.20808992356535,13.212370556723
F,0.1732253774958693,0.1972666030478262,0.37447102180059283,0.35805089325822387,0.29718664398369243,0.03681110317874455,0.22365969852037043,0.22036603267606142,0.18972630172465818,0.19646645484012568,0.19069059320605597,0.16157359284988543,0.04687786826018075,0.12218578683602958,0.08130210887253804,17.960542609043163,22.244425188535963,30.403345006413485,6.878112883013842,16.31104910382955,9.481887694956972
F,0.17433084492611883,0.21098652304822635,0.40754356009269294,0.3933033892042185,0.32863845799832936,0.04473087634034393,0.2508635938430334,0.24723782025174174,0.21178549507692956,0.2154205927685577,0.210502811473043,0.1802067570894583,0.048415840246952016,0.13375273919898104,0.09191936608724371,17.29258030273799,21.048730034227205,30.045491760037894,6.629110941857101,16.971512908890084,10.427781203247307
F,0.31723137647408983,0.3050990282936149,0.6709379644507801,0.6293130990927223,0.5222431891225726,0.05809630825197908,0.3997856148211485,0.3826149470233891,0.3344252214279227,0.41969915552516857,0.3947098745261012,0.33517563643852194,0.08540329100805394,0.22482202140699423,0.1453376966451081,26.278535407643822,29.771179545144417,37.304711846364704,6.580280454840593,16.37813574535123,9.835544689551538
H,0.21841220947282128,0.3572521423078249,0.352338416414235,0.16395591751993355,0.14033268363917809,0.1393795819397692,0.13700916126283175,0.06901045043597562,0.10712194517550014,0.04458744712992675,0.2018177379325747,0.2385316650838025,0.19058817218701327,0.22366032083923268,0.04018885228941645,7.165009137867137,13.774085296845907,25.602672950910385,6.904471963252204,18.443628778265488,12.316078050666285
H,0.1575601913257912,0.28979068229621696,0.28746438024420023,0.12002789468736982,0.10417345014019562,0.13970201417055472,0.1312492384373868,0.040084891200758185,0.062535284795045,0.03590680079252825,0.17564000416727987,0.20221787146687153,0.1696625046272426,0.19256588400578967,0.033080574682919174,7.123064214073856,13.882206540480082,26.704609469210098,8.468368602111761,19.650201532742553,14.936002322032586
H,0.11928464936841769,0.22368117199896695,0.22853746807366343,0.090061518729536,0.08183732384248454,0.11160046414816369,0.11123647717904894,0.034095942744462475,0.04886102362134548,0.02823502855411048,0.14292920417169666,0.16026885628393747,0.1439257546989741,0.15866112958677314,0.02224296364909321,7.062006404157442,20.60100242418229,32.01483197774929,15.726572087135375,25.536807034837977,13.857735050514085
H,0.32240359068350916,0.5608418850855331,0.5665528157756523,0.2599967828887167,0.20555698693838415,0.2405774114090032,0.25008560787719974,0.07000869877246035,0.13807108059795878,0.06299654576883441,0.30136796178975717,0.37007288843798836,0.3082447256731265,0.3674145970766273,0.08523925879579322,6.381770015875994,2.6711532220472263,17.547051416277977,4.816208375214348,11.501929987295807,16.3145370647123
H,0.28874229411105146,0.5072902934492777,0.5134652124365143,0.24208895278577314,0.19240212159087722,0.2232721957058048,0.22667691431646572,0.05794052450601317,0.10667609101690949,0.058582127039755495,0.2665609245052342,0.32707967643431163,0.2726915267006337,0.32551178010931253,0.07142498794768531,6.545474812614384,4.4032527217445265,16.281340426232585,4.354335974717585,9.791855975577866,13.659160056844305
I,0.2435206805788694,0.21153173566103992,0.16268062253495666,0.12943244901228007,0.38367693169483813,0.05598994026004336,0.08844227735596434,0.11700237704632999,0.17253534157842554,0.05639914821229623,0.09068976508158565,0.22642573335620653,0.036598126204883084,0.2534620861665391,0.2710879226339043,8.724787501266201,13.379866439794894,29.922013653126037,6.0682725419724175,28.76599872884397,24.371055193527805
I,0.16999749599092692,0.14324606647828866,0.11088319921356629,0.09150988077496679,0.27513017220741265,0.043521721556316104,0.06416008661966152,0.08086616240341896,0.12256721047841958,0.035882354101332094,0.05771067624933318,0.165548664170983,0.022259186642090534,0.1830204400059807,0.1940093876374512,7.07925364289556,12.84267557845583,29.197128240506096,6.2891492497521835,26.73194699740161,22.772242346454977
I,0.14614011722522152,0.12460006485368426,0.09444984379124413,0.07938054211203903,0.24867284177217305,0.035609871259558536,0.05671816033066005,0.06967521983950196,0.12003190913171835,0.0336140752550753,0.052027337019860634,0.15525396895722646,0.01932931529265001,0.1727469119703274,0.17947883554421656,7.890666928004899,14.886872485876406,30.74814255701277,8.070766072924474,29.422040084197032,24.49964760034153
I,0.3860876997690518,0.31990932834527075,0.25420831804674565,0.22194828102564104,0.6395003928144443,0.09167282739420936,0.14239150395064232,0.16900477298724356,0.3092969985248359,0.08001207456429318,0.11130834627860917,0.3978573643384722,0.03598716942270321,0.43612787605232084,0.45062947211048515,9.189049340166672,11.386759602824373,30.37211232128979,3.8628762795559872,29.359299145861478,25.995125358259354
I,0.18718833273853347,0.20322487733358888,0.16249036011801793,0.12886725849913885,0.43389825208482574,0.04377620059538362,0.04528926407574786,0.0931967236688165,0.371303282145609,0.05460132599978296,0.12036519588684924,0.3557095664725179,0.0674615895915959,0.3416783005151133,0.35285160149414335,11.491762662835784,34.0111516591197,54.24977110263003,23.324113832704416,46.01548690533765,44.05558082658134
K,0.314933582447014,0.5052165681936921,0.5167931725547144,0.17302766137933234,0.1525383247288199,0.19691965975987866,0.20755329837352018,0.1548977553793013,0.18189741840369386,0.12221757844005607,0.3507695746485932,0.3787864711981194,0.350365974043848,0.3727425107323779,0.03495355207122375,13.676093006515257,21.96587647615139,28.826359999176304,12.999864885649703,16.196283979896986,10.012236785576643
K,0.4249740236268708,0.6062054880558657,0.6152699622550272,0.17554507522055007,0.16485158835079253,0.18368938505876276,0.2131582191966015,0.2676960984647475,0.2874275981193739,0.15011603147162397,0.4495050809668084,0.47069271936097257,0.45208978956267376,0.46112172599633433,0.046987381434303276,14.093795389739308,22.77093609822227,29.990186248843514,18.387845115093164,17.84390551761737,15.464408447314424
K,0.472222791894587,0.6726760746811163,0.6765229063711499,0.17953288403599052,0.18043175303976772,0.20301991317962648,0.2279971709826041,0.3154158972070052,0.32263934155131146,0.15766623040093314,0.5161546842617322,0.5252676304210366,0.5150640059561598,0.5091311734997664,0.05895194198806825,13.41830654992888,25.333196715102844,30.506793449729045,22.378143924866766,18.862069670743278,18.854777488327322
K,0.18811266712549432,0.27283817209418176,0.26700055200548,0.08647358310923468,0.0763654717805845,0.08477767777900067,0.09240024783769406,0.10765983293648933,0.1193459059384689,0.0612903868394568,0.19159919833093011,0.20332223917760994,0.18458720614928037,0.19251674528881949,0.018420517076652924,12.982868038881124,16.65852430664183,20.894314973709196,14.566946932648868,10.804613303615573,10.919038780069679
K,0.40030371790541774,0.6023912658414017,0.5780438853176308,0.15383931462493944,0.1408159927347302,0.20384753587275636,0.21574486021098535,0.2772252450820346,0.28946482320706657,0.17426639188493825,0.4796183107803045,0.4927514907177652,0.4512639496134834,0.4513814458949668,0.04736808087958506,16.815494941807362,32.39067750498316,34.45017514147629,29.91209702990297,22.671129673514926,17.808593636367714
L,0.2665450092720569,0.4838753906858773,0.16490909131765463,0.13169997246569073,0.12421550879190112,0.4160664479440248,0.18341097515803767,0.21944682271403804,0.2551105379396453,0.33222107083399977,0.3577421564114005,0.37538312082684605,0.04658925042479927,0.08507690086412703,0.04017091101582392,18.93205564996745,14.308793465088785,25.332169296064627,12.74166980636066,30.26492980417488,17.761819246250564
L,0.33310316804936063,0.591614934225967,0.18157448981376756,0.14113964472556487,0.14034835842624818,0.44462111796739096,0.21325796598718544,0.2602415139322383,0.31734553721905834,0.4217758492772066,0.45588542935601306,0.47959813227796905,0.053001165943491274,0.1080390101031159,0.05989123033370523,17.33961513310858,13.921567698968538,32.735182905174284,12.29778744920505,36.45753831696494,24.573303666590952
L,0.17839453437851624,0.2984462828445628,0.0948844480947057,0.0785580891801182,0.0727474531109807,0.23084150353997887,0.1145847818508065,0.13652800814897761,0.1603809768619639,0.21251916797156772,0.22377942867115205,0.23437966096095703,0.023505447153543996,0.0471365639839696,0.02444647790618602,20.9069774746744,15.604573907108785,24.772161666919086,11.278856874341896,29.02274159589522,18.10278169026587
L,0.32922923215274486,0.5742786284273337,0.1798030928932878,0.1402081191820925,0.13225798963680643,0.46889845662957974,0.2123272625373442,0.25385272510574197,0.3038227997233085,0.414323791885239,0.44259740317998836,0.46066249268185666,0.04890244481346146,0.09728521641797308,0.05215167639507123,22.741748666073978,17.528227351785677,27.225703306159833,10.383196340069007,31.951364636562875,21.825705605923176
L,0.31758639390310256,0.5689210582498169,0.17451181556244227,0.1423289000794009,0.13775583661542998,0.43900610700096643,0.20286771385121527,0.24369520108761736,0.2957707659970239,0.41005139119679007,0.4351928841126023,0.4560837517661946,0.04488567475822349,0.09598859963817716,0.05365368528061288,20.508698349709412,17.40379318530511,30.802436275583723,11.405204928509477,33.23502988722006,22.016764919460847
M,0.21639566164747706,0.1997055393948871,0.1674187954164816,0.15104496573650047,0.13458298097040788,0.05096347907873502,0.0533953881987614,0.07201309316402787,0.10646054224796611,0.04264116384374265,0.0797117049252752,0.11705805347636267,0.037657885844073466,0.0745844713455692,0.03781399025865243,8.747512941182562,20.949440065117713,34.51764587205624,12.252240158466467,25.783853168468802,13.724613964252804
M,0.186428028203288,0.16254352544114334,0.15146550970598902,0.13354380074581676,0.11624832887708245,0.04932707673959419,0.03815602775522223,0.05632447920509961,0.08406365151913707,0.029455925866013765,0.05791683720708586,0.0855468909919444,0.02983189348509511,0.05896283932232829,0.029789734264729507,9.992227344389175,19.5991322406962,30.343113699049077,9.635619132502963,20.537767294768912,11.18995596915574
M,0.3808459306959548,0.2943320900159677,0.27923227168056414,0.24711364638618244,0.2352070629275416,0.15648322079771024,0.12365149920054014,0.13426884346866988,0.15978153979666698,0.05263748072781407,0.1123864588430443,0.16181490082224856,0.06251412451867704,0.11291034823531813,0.05216569052404492,10.09481893109895,21.800045492869646,33.26696142188607,11.722557338875058,23.409924527048677,12.09728112459568
M,0.2646737305428401,0.19608360974322975,0.1801913105787016,0.15710754140480654,0.1506624568982536,0.08911793418664442,0.08901197384025804,0.11111252173563514,0.1349591802423642,0.030934253372115902,0.06954473482710995,0.10489429637596454,0.03918216547965689,0.07459571332082834,0.03671483226529662,8.107841773184173,18.892581777378673,31.932906646721236,10.807941915302694,24.000641228019052,13.501892442214096
M,0.13449865674461212,0.10397664339929805,0.09682683109883213,0.07904068449275757,0.07349600355598834,0.04987397286672139,0.04104790453739204,0.05637091869333771,0.06980990403185122,0.021493389113010773,0.043036337542474844,0.06293482790347332,0.02415786148016473,0.04368004757557352,0.020358491423302823,11.621818882216024,22.326292396592432,36.72331354065757,10.761969790718439,25.302412662712477,14.803877066233706
N,0.3965363732172629,0.28577082249434865,0.25535469651730963,0.14959144024010002,0.14849534801567038,0.19364765157735583,0.18573266837544322,0.27850512089315826,0.25485534485693007,0.0398635513021328,0.13807206650390605,0.15534201150933422,0.11150578766328383,0.12017547861501351,0.05413396843756806,5.475563175443272,6.328848029264147,20.333082477992747,10.377287182211424,16.237596533970596,20.9290385855692
N,0.2781315085770518,0.20653889763319586,0.1893801001236601,0.10176211136877211,0.10365924471224816,0.11631725792036987,0.10730382803711401,0.19317247546604846,0.17916543621950412,0.02990827179175254,0.10705237268704147,0.11845993435785573,0.09287695729418807,0.09528054884792857,0.04156655314560487,7.1130383917920845,8.703111599216765,23.158529699583,12.755226794843598,17.08299458995104,23.337495910919003
N,0.22447526213068034,0.16667229139795617,0.15294120438847794,0.08277602305222831,0.08904090672540388,0.10485372895135515,0.09089241509735162,0.15127046426100496,0.13773835708591367,0.028172073585575004,0.08674578405826786,0.09886795655088544,0.07219994607615554,0.07635134377450162,0.032666784706485534,8.85096055714971,10.794069956770745,29.11342600917548,8.704858203107637,20.639818220457244,21.54261825972526
N,0.47285583640293244,0.2957485910913396,0.26183701565442374,0.1452146192158466,0.14942745219101933,0.2665481488612415,0.2546459062592014,0.35380875295512415,0.34010449809754745,0.051742078091468795,0.15889209204887114,0.19204795049442808,0.12286481213948723,0.14602031786607808,0.05924648148351981,8.058234087096551,14.100946534635828,34.41914050558098,11.387255021179387,27.255198170995147,23.1492209610842
N,0.24992536235212012,0.2017511979855531,0.19684748685226106,0.08351700563371259,0.09003423592335208,0.08952383421264463,0.06849693365112323,0.1816351335715427,0.16354510232396471,0.030042950368103796,0.12429253222913121,0.12549527412911074,0.12139718170605372,0.11360345577332284,0.038841029579733656,8.539233238361417,16.992568639721913,24.49689835818338,19.549020503409846,16.720042160253417,25.526161436886273
O,0.1931214416339599,0.22959917845838165,0.21301186339443937,0.1978182147550843,0.19912370309066443,0.05139451960082834,0.04369359630512239,0.04012396643406087,0.061146814639635345,0.021013882600481742,0.0343103429384596,0.04374770154416354,0.01543498704231682,0.028693291260122326,0.021653127469840792,3.362958885339053,3.497265601521591,8.426452466061672,0.8553865591514848,7.000490459176425,6.255986409917488
O,0.3935788557532127,0.4248985517884436,0.4119393356441398,0.40044341915908466,0.40700729525263163,0.0709993500758777,0.08064883918152545,0.0853769967987204,0.11634232610815512,0.046768453344682354,0.056254339388530375,0.0761917857805944,0.01402182554341935,0.038994041338383155,0.03116904293509756,6.160156723305277,7.044030702273865,10.219380493901259,1.1500238436362162,5.418159931718946,4.330056969060868
O,0.16868667452998112,0.17350493700751013,0.17201532227233815,0.17416558544838354,0.17958681172989438,0.029431145092382368,0.03258265090259446,0.03807352520826785,0.054552194859284135,0.01575008741618799,0.018874171395004004,0.03325420070834319,0.005576098168222652,0.022135598473575033,0.01661507154599585,5.222969309240851,6.237516781411915,10.636805754231174,1.7662646291056487,6.8002240434528805,5.110386596208482
O,0.1529942511373731,0.16260901886512846,0.15926050848733272,0.15447182914697785,0.15630264802941377,0.02630619181952911,0.02885413762095558,0.03040997077573294,0.04543280566203813,0.008807089703971564,0.01248932409004807,0.02465648905135877,0.005536236178492985,0.018124245634952,0.01507713969262156,2.943826728909586,3.4636341277482954,8.589509604309391,1.1387830997106227,6.517228230108717,5.544967786322899
O,0.22674765650055134,0.25379181852003446,0.23136854697422019,0.22228096536235684,0.2219312298762149,0.04307735675181115,0.029124614233659994,0.028646107392331876,0.039618471233375585,0.026825261279299187,0.03481190656108728,0.040390194352705355,0.009094930641708103,0.01604790519355172,0.012444249609791893,3.497926434210399,3.5861790032394962,6.005634803862587,0.3690411460662606,3.301748938642166,3.229990199905849
P,0.2526357521023695,0.3360562512455535,0.2626661434911546,0.12230229093115874,0.11179400332768732,0.090423720888524,0.13997890765665558,0.14546133063933134,0.1616329837108063,0.14737572975328167,0.21984682057330135,0.23502791883799679,0.14855515602306552,0.158648829707137,0.016993483994359647,24.841932999753208,14.570852441826526,20.905730459964214,15.605864139226192,16.467303896504593,6.583889421721195
P,0.39675112495136794,0.5514975210791555,0.45855191046444815,0.20796701619767718,0.18701698637764178,0.1618361803032479,0.22504603524688058,0.2215065433765763,0.2678464260551658,0.24701433028269054,0.35860901731049877,0.4005017044205054,0.2781238048901396,0.29489234037311995,0.04965274839852617,26.306095229817792,17.47707344982876,29.956178258893388,22.534243899009617,22.653488201193564,13.113366726763848
P,0.5160970506695646,0.72510891044387,0.5998692098363247,0.3347654013812621,0.2805683472116902,0.21841517933049434,0.27292143639957067,0.30575691214943684,0.3683444820630392,0.3116738331417206,0.4744107568305018,0.5435710828562264,0.2723250007331733,0.3426987735525856,0.07420990231604789,24.99231732279554,31.760718451528213,40.57960880551761,7.9735237920807736,17.45014298000383,9.491723695471693
P,0.2037947177816213,0.28436418215785797,0.24823876803944994,0.11308293393328257,0.10593365023123161,0.08194695731386759,0.1146305247901076,0.11008767789867839,0.1279839553926253,0.12881278598386203,0.18435939048300798,0.20091289960615633,0.13934171065323442,0.14702758644435704,0.018490267486940302,26.912017809339947,21.928341520805557,30.861134746732684,11.62161251356331,13.09813974504465,8.966051852202428
P,0.17945484581900598,0.24358565635305574,0.20426978975247137,0.08718690276715936,0.07694248081948361,0.06540577210938156,0.09772277218931522,0.10283391641224514,0.11958453264507728,0.10929161540040697,0.16254462466065425,0.17844480676181032,0.12381393362831855,0.13319053870164999,0.016982932615914416,26.42916036881497,17.483044053943964,26.96244792225393,17.364835369587237,17.946168385489724,9.537224703657628
R,0.29032022276020614,0.48814870998018933,0.4911532845869149,0.23165166426507214,0.18609899118124515,0.2055123853897432,0.2039813188818003,0.06214767907631751,0.12424277904668589,0.04558615572964813,0.2599219892522688,0.3132788067990915,0.26310677378917025,0.3210116929039807,0.06374768096596609,5.327101442584393,7.174372493716632,15.854304928117696,7.382022518921215,19.03148416220506,12.335938683610296
R,0.42916548067679283,0.7191343314961256,0.711652824309666,0.339709915441916,0.26412761724874667,0.30594726695163166,0.2911859112825811,0.09075322914385235,0.18940397370668835,0.05841592532959311,0.38804094667248856,0.47280495701217595,0.377880605510562,0.4697716917332556,0.10372831448597387,4.642706223527033,9.438763231890839,16.956664643677723,7.783116906857061,18.965836573211096,13.623233663681184
R,0.2180664297120407,0.3620958061464203,0.3618806568038301,0.1608953857826857,0.13419626605616983,0.1516519533336638,0.14710125782087238,0.058051769572636434,0.09627104868139146,0.040280144774799145,0.20450089451029807,0.23555962269443076,0.2035227115659319,0.2390914976782234,0.04233645494194282,6.3826858490637655,8.700981246418865,15.538629123410976,7.620241714150744,19.063111253728383,12.849934186606779
R,0.18877796262823687,0.30875229783075236,0.3024906340965727,0.1414506244624404,0.1189793297991833,0.12454708279043801,0.11457530379807793,0.048430360033309375,0.07995785117498092,0.03562278069543176,0.1711073657980573,0.19521793789831823,0.16296262027901828,0.19179095856985431,0.03644556147082988,6.583604279824212,9.858725922686535,13.726029861321623,6.928509249546153,16.901962862683025,12.713761157952861
R,0.14823488261040763,0.24326152880666027,0.24510616964087426,0.11436977935557331,0.09603868921969587,0.09569862176907733,0.09825169631652955,0.034467801182476845,0.05922727535672491,0.018672797758581005,0.12962593217078697,0.1517711679239396,0.13261977917398657,0.15651354996472597,0.026781474659812548,4.373656361360663,4.758506919403893,13.867248496665468,7.642222624680169,17.893571825159274,10.71718342280343
S,0.2932490959411898,0.2328466452491381,0.20021483639177315,0.17911509313032292,0.18546549220047237,0.09422784125108928,0.09974242131322561,0.11447044579033742,0.12086468329556356,0.04376842782328768,0.08357929480219309,0.11554207785359263,0.0411379010918218,0.07454841925980242,0.03666994526217867,7.755330351068761,18.039552384977327,29.377659040237397,10.708733103553518,21.863722865925386,11.380559164846616
S,0.3020127784356648,0.2556032949225572,0.2045004480998152,0.19266324134352278,0.19278882283437251,0.10351501423012134,0.10900286965592196,0.10966506412319164,0.11616026766269724,0.06133352267133553,0.09163650181276899,0.12419564732713637,0.03500000487002532,0.07164996387714277,0.03691118360866585,8.514725002904212,17.264883416259913,27.931291616855283,9.527127371782747,20.510329855317845,10.998092670798883
S,0.16297194842552107,0.14390813466795566,0.12616211663882396,0.11569241208775362,0.11205695400062901,0.047096167789985016,0.04258934048990624,0.047427696640677953,0.06011384211976345,0.02564788794771143,0.04872698634404272,0.07235740519678731,0.023623062943612893,0.04719330602610315,0.024115389503957474,7.902964641872891,17.72156031392124,29.649628366550573,10.077819724704135,21.84398259993062,12.039223524946404
S,0.250543727830441,0.24568520906249663,0.22195927584577432,0.20440999864792625,0.18350701358472848,0.0627763331686439,0.04159227830338129,0.047824064526064705,0.07808926386943582,0.0375631761567212,0.07139927545131564,0.1110986568142063,0.034651201263947044,0.0737040635955954,0.0406994920928475,7.158184828967131,14.941926514130508,25.045632829414807,8.052547312856445,17.928332481125338,10.353320733091586
S,0.360366868016624,0.341954544862774,0.31282355281974666,0.28637644825986736,0.2670581416692119,0.08070632611220137,0.05567624595189441,0.07782442505317305,0.12240002289625825,0.055044459521889834,0.10864145707108831,0.16154999883232438,0.05459888271722516,0.10685189544411998,0.05395281802967423,8.192401181156523,17.157385159644054,27.400625003226374,9.15741973779486,19.232210719496553,10.455456735133653
T,0.41742207935335846,0.28867881269429946,0.18557493593727473,0.12827344733101192,0.1504358067106595,0.16726109794130284,0.2586699087709746,0.2958155696645639,0.28227485315628037,0.10617099493165169,0.16270033769218642,0.18073111719929194,0.06479820365440986,0.11028600699446695,0.06456191086226151,6.28446832396247,8.125514382609856,32.44104393877028,11.265539429348987,36.46263716153442,25.22018102969767
T,0.24380305543439612,0.1755074357437802,0.11200953772219656,0.0777735923368442,0.08803648038790057,0.08715899203441012,0.14723824929463017,0.1709712802068876,0.16229878279064233,0.06637533164266113,0.09856664911592623,0.10389713249684321,0.03709102800113362,0.05941297148331264,0.034613648128021916,7.9269161954600085,6.311541903906548,26.075035445882722,8.811312836384758,31.780698184456472,23.064433527366116
T,0.3543447588075385,0.26475954810793095,0.1623743305993516,0.11135817181140535,0.12641678415785365,0.12183701253632723,0.21721806663642915,0.2516981753836242,0.2385309406504322,0.10750860450902598,0.1548500951119433,0.16231577476502057,0.05452305499639563,0.08835922795071212,0.052641048745499935,9.079658087206044,7.07162245269534,26.83634741397872,8.226263259456266,32.72459745406797,24.554361792260327
T,0.5599354811149434,0.43955279831839245,0.27425516002749234,0.1784585950207267,0.1981501194752082,0.17180622981317573,0.32545332324521076,0.39574451114717046,0.37491565847077896,0.17387841677093446,0.2635312255990789,0.27378167914393775,0.09869190392481915,0.147015312784925,0.08482312150736449,8.914585523202723,7.325466464007724,25.28047013118748,6.159532055617463,31.30481405825281,25.34815678688427
T,0.3650413205579839,0.34455837838617953,0.1759573672411173,0.11299365365275738,0.12630320660537994,0.05480161459417825,0.21107692190077365,0.2601361063019584,0.2472349140439656,0.1779457887832218,0.234847170188679,0.23170814409589166,0.06491618240450744,0.09131900971879704,0.05094282690573153,13.275636105381901,11.38782417633745,21.498047696111247,6.449646827702225,29.79430801296089,23.76295571994458
U,0.2911726416059935,0.5663811125575113,0.5960096656782883,0.22160284682196812,0.1746135523393676,0.28225578214905556,0.30881277973262033,0.08631042270697341,0.1369650774501644,0.04022841287316069,0.36243895409425547,0.41776587030636103,0.3898855877897267,0.4440270709163444,0.05852326573004042,2.687332489562791,18.15145807413237,26.672661351302143,17.213767762173756,25.055836564885347,10.182634477672673
U,0.1544897366463431,0.3419820387591401,0.35993787391815013,0.12680483506081525,0.10490548222838061,0.19271664949785597,0.2086803469297356,0.035964516005984826,0.054278832694332,0.028003537713305226,0.22396824553401806,0.24647309988303517,0.2410785920477468,0.2627810734047454,0.025595904607871738,3.5174871354903576,17.163662887285874,20.503871457444042,16.52363718481223,18.765304110247275,6.623145840594867
U,0.1489841422205029,0.32041260052278525,0.33752537009292566,0.1178226424295759,0.09604437373696605,0.17511648271577737,0.19051514979956435,0.04035342729910542,0.0591208663653665,0.02716343699775757,0.21172754845145345,0.2339661559534921,0.22776360879450538,0.24915060675979978,0.026159433129167253,3.684205446706422,18.22541385836085,21.79846650833771,17.3259625146327,19.621438602319355,7.848454383955777
U,0.13064434685761203,0.2776339740249881,0.29135399500769676,0.10928236209167089,0.09170047316194603,0.15180596178962844,0.16336606314596472,0.029745911188153278,0.04388011965318038,0.020481115735829603,0.17429387031707058,0.19246766412916258,0.18700781718077902,0.20499072542446745,0.018767418119764626,3.0769765398136677,14.891507499787892,17.935498331016486,13.745677621895265,16.352637879933937,3.8439430803249133
U,0.2911355200752746,0.6305613750555692,0.6655223144671782,0.2441430739504781,0.19625589996285744,0.3479376083735272,0.3799143227081473,0.06540472583176488,0.10977695785783195,0.053834525602112424,0.40617708446727485,0.45619814636912226,0.4392056555516986,0.4884904250625117,0.05207577453049721,3.6235236075454864,18.353859373708296,22.894356133016174,17.676598109136897,21.64144512324553,5.370717513309878
V,0.2553435545268705,0.5938335078920569,0.6204250142254015,0.22125997616274776,0.17327313144022566,0.35066278234522297,0.37154571930468167,0.04926152755226802,0.09014646017363125,0.0864598495315269,0.39041204807585467,0.4405116941786906,0.4152542179940434,0.4609621308346925,0.05702405884731043,7.772823231143046,18.52249297894416,23.57883315330206,17.77427658801997,19.66754735195145,9.033196201119205
V,0.1472256167705897,0.36446770862745115,0.37717962187928333,0.12284699566410755,0.09728485726952706,0.22583162503150092,0.23619035909726702,0.0301317286989466,0.05632076370745907,0.09646468921854182,0.25375223282119674,0.28149303605287657,0.26564484081447387,0.28670695612510594,0.034664617802410494,14.819740415328642,21.113587812960393,27.220254252829076,20.52705238593296,18.669723175611463,12.316901845557496
V,0.1276669313251779,0.31407063463407503,0.32811932141975036,0.10606485066116716,0.08508649741142484,0.19696862458094702,0.20502508250099696,0.026009030174791906,0.04541299947094896,0.08571653071565252,0.21965960280252078,0.24129816184032477,0.23057726196745285,0.2484122706410512,0.026098540729331886,15.137959650839422,22.306751112495046,26.923270505344007,19.1698301194056,17.707979474009676,9.412654604575033
V,0.16660181732592869,0.4911466346151395,0.5163137669583546,0.1531544142085415,0.12053464549982684,0.36155877133958225,0.3734684895790002,0.02600271886266494,0.047307249983823886,0.1429795578258267,0.36914988196519866,0.3982383509341622,0.3897951359332758,0.41173027212889224,0.043535493689325314,16.06737556304909,31.401761497508303,34.856074462876514,29.17007352670004,26.298371690658588,12.195746854274592
V,0.17086239073344822,0.45670122792981394,0.4779670823647407,0.14868696201981915,0.12490793367867385,0.30957623475769214,0.321749428401478,0.02683239320255605,0.050786864614295144,0.12572058690913024,0.33018764451805793,0.3554133324596981,0.3472910439789274,0.3646767983756008,0.037692734832261494,15.2411855677901,26.389931482514985,30.939108508391342,23.899990614080174,21.541676179143003,12.333454248333938
W,0.23226613866053925,0.6210766323728605,0.6569557969703929,0.6427658771846585,0.2248822036566016,0.43880604241912363,0.4497994904793044,0.4174346331271141,0.05926303307681948,0.13752763379189245,0.2599449692980493,0.4674964046310896,0.14094179037625942,0.4844747730935517,0.44986546165440444,11.930935135246179,23.658304486579027,38.78202369796889,12.388637344221612,33.128315552938965,25.311541913447666
W,0.14951944679439746,0.3619809452826595,0.3777945736800081,0.3582851897131826,0.1188157694338681,0.22274828526409066,0.2301053106596955,0.21092955371897465,0.06688353766608934,0.07539543421264178,0.14867001753866127,0.27402988428681635,0.08628552205024345,0.28389838364197517,0.25647968896053847,11.442687700307673,23.817933144365632,35.47163031119412,13.119959388602053,31.8652805400074,25.724415968078755
W,0.1363929456903706,0.3124137591634471,0.3218980365343619,0.30805049809601953,0.11431533705776732,0.1892549051793732,0.18789853262101935,0.1724242539976676,0.05089269369828759,0.06665874396597625,0.1286716238554738,0.21640365894890543,0.07058262490672533,0.222603030937873,0.20638944163392495,11.945351027723987,23.92563900659376,26.652016942189054,12.621007940599569,24.191963916431252,21.862165258515994
W,0.11633981110121372,0.27900183162572045,0.2915246060031589,0.27246863880870237,0.1028130683753141,0.1792889164739375,0.1815756329921048,0.15634753792114997,0.03126151302417156,0.05224679567090534,0.10720236815154437,0.1894546551392622,0.06534647096975645,0.19794316811711588,0.17608271805152154,10.207847999149047,22.379823940434985,23.73469694767573,12.736590183719683,19.8772459300992,16.19786987103039
W,0.27970049976794215,0.7801444695421783,0.8109347764417927,0.7794630645812675,0.2620832215958447,0.5456559392403973,0.5509080501117386,0.504063375863741,0.09819599721192304,0.1782053937419316,0.33912849919454646,0.6031764417784977,0.18653572258345202,0.6172079238208776,0.563513299884823,12.670122060968735,25.118144166438004,39.94885526943961,13.28030871862769,35.66129982512297,28.604333915550527
X,0.26015681517172784,0.3801804665484077,0.1933655277695001,0.15177849713078256,0.13271378482022295,0.12779338949583247,0.07341293453787126,0.115605349070948,0.1434968610348706,0.19386036988615202,0.23374355505694422,0.25717306985683475,0.04385234555332324,0.0720553638130895,0.0298798021057461,10.964558592163543,11.876732991871032,17.928621090961293,4.678072022817442,13.957132897250935,9.315649773497316
X,0.183404682716783,0.27613787538995205,0.1438683511638459,0.10742725479355236,0.09491575975037905,0.0947024807956248,0.046064554276615474,0.0809652922368952,0.09869499017056378,0.13754376881506886,0.1726375213293145,0.18729105263063875,0.03779437560459597,0.05800435165161336,0.02301060956087278,10.86774779436678,12.211383030884766,16.80415870476224,4.666257700398305,15.316799623665636,11.003468198742713
X,0.16266503028404086,0.25907757085438105,0.13164717127514963,0.1058469340830122,0.08636648265298077,0.1140654148462032,0.044640955357441024,0.06438439550404206,0.08303804659554413,0.13745179455652118,0.16065108392306582,0.17987330455372955,0.025859165235572038,0.04586080256811816,0.02013966045220505,16.042393251695426,16.764686739669227,19.347187607643637,1.0900948894177942,3.980977206293202,3.1778581180393988
X,0.17690086254622703,0.28067046149547414,0.14870718683795484,0.11485414776134226,0.09465385799689689,0.12788063659300022,0.03974054572578827,0.06743194981609583,0.09034285850694597,0.14038097905559077,0.17262240278753196,0.19222393067076926,0.03423358662988059,0.056278145928406534,0.02300454238681752,13.464747800617456,15.36824127253321,17.103376699284677,2.3162297551928828,7.602381406343514,6.100920485344999
X,0.17020181667866893,0.27612309910300536,0.14216878041060513,0.11053948536952504,0.09395205858070474,0.12399816590681001,0.03872165893131066,0.06665995758414822,0.0865251365641789,0.14146545402896962,0.17076951345235614,0.18685278354991158,0.032150857318251,0.051349574572787264,0.01995141061702371,13.1881216549396,13.73740832359632,14.835625417417383,2.714329167441882,8.792073485939532,6.286615002545047
X,0.4253691383716647,0.6405173948637709,0.3555298850020519,0.2720581826571944,0.21909986109823382,0.2574396711823426,0.08891698503333671,0.16694067847185834,0.2384214113199823,0.3074579855107381,0.3928711996684836,0.4640469863098944,0.08796777714948603,0.159862505063901,0.07402289920168402,13.888164110490688,18.796885632769367,30.059285133487936,5.123078404945542,17.171941964852696,12.16442100728512
Y,0.2683672711896447,0.13880037458184796,0.10078556246159932,0.08212046128629999,0.33984501336770967,0.133135106062676,0.17635510960825765,0.20110913330843655,0.21439976421451698,0.043394271531453005,0.06950972129495521,0.2424416084958322,0.030723996925066836,0.2656066404040844,0.2674544882624956,10.173689844222597,21.736018212163273,36.35293502976914,15.441302831275133,36.447509149895,24.712343308149542
Y,0.25035757410921394,0.13954562329919823,0.10392710432057906,0.08959190303297739,0.3033243219252123,0.11270299570253424,0.15388930316069196,0.17588072113665099,0.19203872412018694,0.04236578668241506,0.06480993365753546,0.20372724519003982,0.026268888801166235,0.22123835452465043,0.2216693215075647,10.950595133787001,21.29244591235457,34.25349733777711,13.125541525458015,31.322556469754808,20.547196857390077
Y,0.18338517091981796,0.09899730265749311,0.06449273683852369,0.053830339710040614,0.22479586488272993,0.08801869864442674,0.1258372292280011,0.1414268440616066,0.14473258110079026,0.03801042887787905,0.05415994522282783,0.15693099275564842,0.021369367081812824,0.1795912017959323,0.17811552718477236,11.496438359037606,23.649115667566463,36.65909678577556,18.133917131947012,39.299565586692424,26.260015063215672
Y,0.18437059018690205,0.09965817152198327,0.06314546349754138,0.05341496470740839,0.2225646231451817,0.08840768370378108,0.1278983693787114,0.14266350075285436,0.1417900876609688,0.0399600308511336,0.05460585627510784,0.15287425791057274,0.020281633697264084,0.17864574659404417,0.17723969033226797,11.791328267128714,22.984341049680356,35.544886101601186,17.67848284707606,39.76275841492786,28.107402236751494
Y,0.5103560705291172,0.2732241208100965,0.18048899057050607,0.15089923343615974,0.6252704520074372,0.24951717728397396,0.3556851338930388,0.3910252119951027,0.4036878183806888,0.10691167840511473,0.14364333729173054,0.44919738312995616,0.05510053566698355,0.5176592356210393,0.5086771813885577,13.764104998428428,21.374944900364074,39.45050975546447,16.198421422604603,46.430241405247514,34.787180334293076
I,0.26011542003729854,0.20353004155898063,0.1436997887563293,0.13234909096715877,0.4208900284320172,0.06927015881614089,0.12809939371987508,0.1371405373584035,0.224614012556026,0.06651950482690533,0.09005309759379575,0.2850542162490172,0.03959389081902412,0.31956713573930334,0.3036975463679974,9.763098021495196,19.35478885818603,36.72844882577928,15.820153314097077,37.72783701516189,23.15966539056243
I,0.3443580396100296,0.3037026063307566,0.22858777677166195,0.19253967588987742,0.6080720851568103,0.06654419955233021,0.12337628657122444,0.15734449994252284,0.31031349849366724,0.08514065171799937,0.1193471287968295,0.3753020983751138,0.03652788362438284,0.41974154848326795,0.4460974234818328,8.730226871130876,10.31059660796046,29.603479114620892,1.6572661786574117,27.839924498365743,27.436559860413503
I,0.3063895445000481,0.26341595135556006,0.1836497692140331,0.1752493868793872,0.5060559019202664,0.06959450433573076,0.14222753894567627,0.13975846200906444,0.23572676465872666,0.08853328461280438,0.09870413356102292,0.30474379172821114,0.02966733942979641,0.3663547083318607,0.35429677286431555,10.025814828522194,11.86057099949894,29.251318665065874,9.10786726970849,33.160824133583866,24.596974245133843
I,0.22100216879728488,0.19269236749117985,0.1543532485864647,0.11769973539869528,0.3488945092835775,0.04806337570528693,0.07346648916116774,0.10584934983528627,0.15345419396942123,0.043179576427391425,0.0813350620962708,0.2010965518866968,0.039435890062006956,0.22158545968788182,0.24377305105467525,6.619671325873329,12.013575701409897,28.274485838189516,6.217129904679541,26.427665994930635,21.992124465325528
I,0.20136121122081085,0.16355802803318498,0.11825771941656817,0.103740974544538,0.30445610328195855,0.048685973069889484,0.09009360062736718,0.10083688639624755,0.134559106286536,0.049726250115744594,0.06384435503620726,0.18173554231531386,0.01716106310136363,0.21174186519461016,0.21638097215220747,8.476417506327065,9.847542821264403,29.808922459156474,4.7918111646866715,30.816158593818177,26.29404532893373
I,0.3228536416767906,0.30045368137788486,0.1887243521028336,0.18093147132406637,0.5819642340160126,0.044716433803579266,0.15212068013204497,0.15328418683082887,0.3123693850432372,0.12621622440699862,0.1327805243788053,0.35429307905312574,0.02220926487763668,0.44951124304888,0.44159527885552613,14.16691708661243,14.253720281752615,29.81115335068387,6.4666877656992385,38.36222023300886,33.10287159059297
D,0.2626310131431727,0.5113100909316868,0.2102128028731786,0.16161808370960656,0.14103535233291106,0.25415589511644204,0.060328802372911695,0.1066210014567994,0.13438367571212417,0.31137582525435614,0.3606931670562901,0.38823324588080077,0.05346325538321684,0.08387695191087029,0.031232133117273297,13.902500531996056,17.692180784513692,25.10382614168197,6.947086770748456,15.840647974025144,8.939642834179788
D,0.17537565770009908,0.3899516968722322,0.1493048711729996,0.11704408607073973,0.09544831181219894,0.21945956166152342,0.03987995370565839,0.06165994586794444,0.08923570106830643,0.2525766528290449,0.28083366891833345,0.3085886318376224,0.035537948391443995,0.06388955727703986,0.030092821220816208,18.295144012550846,17.843299264944587,27.642190312819242,6.492868447972223,16.56747466895994,11.404584735780137
D,0.13297491881731802,0.3060928225701582,0.11571799392337631,0.08577233892584489,0.06881215407826449,0.18160570246292862,0.032415655771023386,0.0503540892408432,0.06897745744183112,0.19957700023143157,0.22702120953512975,0.2490789167102826,0.03111029233961587,0.05417952135928584,0.02430411666671967,18.319457871845078,19.4593767888066,30.26046986499448,4.918612447409759,17.501009841971904,13.052663832871117
D,0.13139137469787157,0.29754238824842877,0.11795702744701403,0.0826099535072158,0.06529661133682442,0.17697640457251493,0.028101730407407207,0.050750012105334814,0.06899130800280953,0.18847680455179125,0.22150038924194135,0.24317848613655194,0.03643467332462649,0.0599285580013823,0.02459233085245053,17.569622342350332,19.669034204626424,29.980985296516963,5.195237040077931,18.78118550988105,13.700838209259858
D,0.12001993261847921,0.2838946974099243,0.11040795490686803,0.07909244347326007,0.06218295653105789,0.17335724989654597,0.02763139342338645,0.04442448760441373,0.06134547109492957,0.18091266667089823,0.211115482799188,0.23263348268096543,0.03240156192050309,0.055842328704271776,0.024454611974330735,16.666941011366262,19.697103653733837,30.750149334259657,5.175086274921471,19.587446978057457,14.516758624965533
R,0.23124080587726473,0.4415423769274322,0.4446945619994527,0.16548062540043704,0.12959737975069058,0.2135142837464458,0.21535574095561838,0.07193285593417213,0.11126365168166974,0.04137149368917734,0.2848268679342767,0.3213826741186481,0.28608333538367614,0.3259384830349823,0.04536739109567457,5.338921746314298,14.907025156582387,18.602148029530333,13.194254423956986,20.00052400158206,10.891061143343094
R,0.23051259852572514,0.44197065982814354,0.4461371294795861,0.1651159661977091,0.12660165683843772,0.21421809990906865,0.21745264271084616,0.07299244537776586,0.11552586069796988,0.04006457495152927,0.28634513607745216,0.32697201714463187,0.288520532426445,0.33217903960174744,0.04828472406643785,5.146468773418547,15.556753750139801,21.03147691581243,13.833213218046167,22.022046811094324,11.573428715282596
R,0.1853335021254297,0.3522658492560436,0.3678590371015167,0.12807707448494388,0.1004392715684063,0.16899678230270065,0.18383973889032487,0.06368944199873984,0.09390547049483403,0.03564257756872391,0.23176115365059036,0.26037788459394984,0.24618631013590764,0.2770408878023596,0.034661472408068855,5.107970257298591,15.905331409105806,20.269054341327113,14.771545529179297,21.707197843497667,10.606016451282601
R,0.18327657717988338,0.3557487888716163,0.36346117354730995,0.1286454870232717,0.10025553250439503,0.1749066920489819,0.18143530770577795,0.06103643116217487,0.09160223922446842,0.03519660863017373,0.23493666459233967,0.2634478363845583,0.24112910242042793,0.27226205932614134,0.03561874552236586,5.478599289268313,16.170560813198197,19.592120346278982,14.568580475677088,21.023595976460914,10.89174266877846
X,0.25768328783584027,0.39658554866297596,0.22489247226667955,0.17182692024900656,0.14131934445050906,0.15330346281443882,0.04578603505200213,0.09264969592632133,0.13058975526906821,0.1812927690037889,0.2341242216130841,0.27126686815869117,0.054243172079813315,0.09126957815448002,0.03865481550148888,11.188968336505944,14.43023545843198,22.358463653271624,3.3027370687455373,11.819233855100995,8.751836291176886
X,0.25546373843365816,0.3937182116453109,0.22233960308727604,0.1691940189780108,0.1375575566662793,0.15075071002184207,0.04510011947142686,0.09290625860835133,0.13081213728319374,0.18004642872211843,0.23379406601557784,0.27059154219045073,0.05469015915660621,0.09167667149899862,0.03814474329804425,10.706928634935277,14.51169809420408,21.59554869848835,3.835966729644789,11.455711986883479,8.027686611583464
X,0.2542077762853692,0.3852763971349838,0.21960464159104226,0.16844655783795645,0.14210157218597558,0.14125477235019115,0.0447422675556046,0.0908905075562038,0.12218063447381314,0.17312683828310457,0.22499652418011848,0.25553171173276,0.05263991030166629,0.0828885671353225,0.031568301612345716,9.915717002065774,13.545120013228644,19.316986221496908,3.7191159096301374,9.554429675261558,6.465568594576912
X,0.2501285920615754,0.3832662620283729,0.22027638940666638,0.17125003453573498,0.14028989683010018,0.14180163521784295,0.041020665858560804,0.08415231117268727,0.12076681095994657,0.16969145505357672,0.2192608290012396,0.2549934172836202,0.050265354679461215,0.08573417481809605,0.036860297970048195,9.325300808633767,12.529790809191814,19.20717917820775,3.298917765475851,10.082520598050166,7.417938592850579
X,0.25182923088121256,0.39882971110435994,0.208335875526734,0.16299503481297759,0.1347174146598964,0.1619624425368205,0.05147567719582453,0.09443851520695018,0.1279117599876132,0.20176893870910828,0.24528260485789044,0.27805560739649654,0.04599365745780186,0.0788363961974157,0.0339317224712954,13.251333559830886,15.19853408290862,21.62222682351156,2.4409407377754206,9.66944916156613,7.276901012733634
H,0.2403727019880082,0.40872387869977944,0.4116637846005289,0.17469614836370623,0.14873788051577297,0.16965471006314856,0.17506250386757322,0.07441099513442667,0.12692720771686997,0.050084231191335565,0.239811635071849,0.2879079996994588,0.23790086252929013,0.27994676563492166,0.05651035974007214,6.990844020325798,11.247214637876771,29.054023389650418,4.50896271832785,22.402353634396658,17.921353738015416
H,0.23261134730779776,0.4049724068122411,0.406636133372624,0.1647615318309,0.13985194578463353,0.17331509045370386,0.1788717235344941,0.08072334409516148,0.13054045093778904,0.0529339877769013,0.2468682320457151,0.29337493349810656,0.24302538354167647,0.28373297110931184,0.0555858718246395,7.478060894274004,12.66039363227498,30.60758598437279,5.2400975998615635,23.37211897923016,18.848377716357838
H,0.1659808779831089,0.29646250250994177,0.296262528368369,0.12206515386794649,0.11010687617610607,0.13585852835893616,0.13110670186730708,0.052073973126631645,0.08827969801879008,0.03219156469792166,0.18653472725316067,0.2220335725154296,0.18020948916497995,0.21230810006794407,0.04244356364491003,6.232516752436376,20.04132710738361,39.03204811242707,13.948381200442103,32.83382789255992,20.243156738245684
H,0.3534817823374715,0.5832620073437519,0.5788056920349027,0.22765291670331006,0.20805606270249719,0.23148123745203117,0.23382236636790368,0.15368940705434855,0.2087605330675332,0.07937115428737852,0.3762867063759129,0.4277798708968819,0.35966949220977196,0.40647411557455765,0.062310187939637225,7.821810535492364,19.43751369799486,34.304779198445885,12.306696706659888,27.784305743655594,15.624430829583774
H,0.37552375554911255,0.5749099575182357,0.5702918027791211,0.24714493840132606,0.2302206636380482,0.2031712507015611,0.2178643369542786,0.1786226078873442,0.2497278438106026,0.07424051059328349,0.3514260112968572,0.41346888116324165,0.3332144505092133,0.38789963384977916,0.07417696511636565,7.420877185545963,19.36213587339875,36.5821251551058,12.432224723227991,29.842364026700405,17.417575242118033
P,0.2861473865735652,0.4575781608639312,0.40119178442453934,0.18538714329173103,0.17197003934546523,0.17240126855368804,0.17198247771596809,0.1237770645625574,0.16499995502585874,0.16975442894552462,0.28623320134266567,0.32268213894848824,0.21677096606039864,0.23333297983002357,0.044730729884574154,21.538965131773693,17.49000582848966,31.052651278547142,4.306606764448113,9.528259725279513,13.732876553068536
P,0.29543750949476166,0.45084224920020044,0.36800049901513304,0.18988494107681497,0.1704886926556293,0.1571606771387188,0.14132216890515467,0.13320182726400667,0.17703547524138313,0.1777140476047914,0.2806968297453219,0.3225986332033361,0.17869128374620133,0.20353718472147375,0.045769324829796426,22.25647570405165,20.357257334754653,33.45756467913984,3.1219945872104016,11.267244268902667,13.238274810453646
P,0.2856240119128224,0.44739506536547174,0.254032913283151,0.1869779859676766,0.167306873545041,0.1638877572044842,0.07619063084616559,0.12287912115802847,0.1677072264997414,0.21505819842889282,0.27896797736254886,0.3216661732286358,0.06883001030751904,0.10765587797059338,0.04671289464193545,16.052566414227677,19.917900633500338,33.60618852181213,4.100705651219839,17.802525921868313,13.765747185775293
P,0.27849543193867743,0.44588737933569617,0.38162082256902347,0.18374870500673507,0.16600413752350318,0.170249564446638,0.15376519657689797,0.11738058411039547,0.16305881542716094,0.18455920278931107,0.28261727262730524,0.32609359858916814,0.19863836786895067,0.22165400901188748,0.04785702570993466,24.210867963213474,21.265762512385123,35.822646270645876,3.784493064033642,11.720958543229901,14.62763217822887
G,0.2518410334756183,0.317884128004616,0.1706564594251173,0.14975065173534294,0.14204918332392671,0.0959734046658622,0.11395759183331221,0.1332972040235861,0.148512586229221,0.1540785411753132,0.17492799028441403,0.1883995747739356,0.024504858576481228,0.03681138492250902,0.016282297661604658,11.199580166221002,12.709881849738023,18.322146668316062,4.611048663252269,8.54889704367816,5.66511871571622
G,0.2432947664606635,0.28879641323477473,0.15750908782806433,0.14133497391784014,0.13476969185867746,0.05989488669000821,0.11613660286452865,0.13305412565787073,0.14843575166478967,0.1428128053375904,0.16081058605848894,0.1746830976611206,0.022313115967006955,0.03505346687598386,0.015530124942429707,15.148035158168561,18.274195535387257,24.11192424286522,5.930163908240431,10.520128124781149,5.874682463169775
G,0.13416258655576402,0.21992465825134605,0.10990051866464448,0.0982567862083409,0.09846642373784692,0.08911062750177523,0.04569077416745914,0.0616784452328733,0.07445662879333129,0.116367918304835,0.13038531039545145,0.13824143945269707,0.02145421135611254,0.032957139149422304,0.013431325235355503,14.010906272384684,18.356566642980134,25.930874320709624,9.978134113868201,17.105160523590555,7.871855951768084
G,0.15628200616751123,0.22078441029143864,0.1133017987410993,0.09770190371298211,0.0979623745281036,0.08417456921029874,0.06142283726615863,0.0789915204247702,0.09298465934617973,0.11253826039896717,0.12662847895602378,0.1326867134070327,0.021487967587173175,0.03406508828941458,0.01584280549410849,12.115217018117354,11.6412746706468,19.66294711864821,8.090514616117256,16.61686070628768,9.323852121231928
G,0.3073819137291621,0.3614893478426142,0.19996667026750842,0.1761006294872714,0.16720376439291595,0.07283877977472256,0.1472176744939023,0.16960467573685045,0.192916310538448,0.1772441404903969,0.20238719198887298,0.2232941200599539,0.027466616748522618,0.047451178711681745,0.02374337144949499,15.603224246636053,18.520153906204357,25.870949869036966,4.174199754536771,10.780380324038545,7.370456825663821
Q,0.2765137015071696,0.44356780896690085,0.23141409572425395,0.17232771655995546,0.14823639487032303,0.20509578945444112,0.09252083864819567,0.12195554936328831,0.14457699852648367,0.2165017708437638,0.27357573969803256,0.3051553482180939,0.05939730156091432,0.08878991132698906,0.036591238296491135,7.730539350435683,7.403445824350269,17.22929387836147,1.7881240589637157,9.631529898084844,9.89820940704476
Q,0.28847976175093365,0.354768228202878,0.19288728481132122,0.14230058574495677,0.1262659670794226,0.13830675911374954,0.14956218795183676,0.18421348616404482,0.2025038346522959,0.17033919267415598,0.22067608630729638,0.24930486745307034,0.05191971262305278,0.07966665981577147,0.03629743424793897,11.634545478314175,15.254381684423256,27.24779770201519,4.072856513518668,16.09933432846656,13.96634439323202
Q,0.2666981547684124,0.37097057979945725,0.2051052515810011,0.15507129694071423,0.1424377575243606,0.11753212101649058,0.10936095141691832,0.13491923751212678,0.14831132415484766,0.17805412744405844,0.22285749139506322,0.24174326352047515,0.05039401438164482,0.0735696140745623,0.031478526130592925,13.482690281451044,13.232805208731165,19.74661872068601,1.9846685652594234,12.954932410776957,11.145972449575673
Q,0.18546271926123575,0.23796102361222132,0.12536282660607218,0.09769924647735909,0.08733841246329356,0.059636073944697235,0.08339771313475264,0.1048974333066934,0.1220345257855773,0.12052136958682695,0.14726989521391884,0.1642853573287205,0.02874222600594748,0.045058321168230414,0.024529831060367196,14.301447159899991,16.937772205470807,26.305061011259042,4.104803865187918,13.288782857539257,13.85185691312224
Q,0.4537474668976379,0.5781118949442522,0.31135512602011306,0.23457578999322962,0.21716231613485557,0.18062508395586407,0.23162158795399976,0.26618364955741153,0.2960760901804086,0.29016915667295373,0.35686886769371334,0.3962456777726145,0.07770362925197981,0.12016896142010332,0.05978866148851647,15.468997324483778,15.080264482087708,26.676952245489954,2.551241414283117,16.502143785922275,14.563220827115067
G,0.3511026157580223,0.43282001950299315,0.20872427331438181,0.17068468421135272,0.15649724220055122,0.11263801085295265,0.18280007164702422,0.22423889831178093,0.2456561663653343,0.23592311518058087,0.27929487178176293,0.30306302699719817,0.04650459470405489,0.06765494146126684,0.03565039234042808,14.098991982254839,20.42877827187351,27.67172185544085,8.138782787489466,13.673269996072229,11.4953567249277
G,0.3559848501372022,0.4418186730758904,0.23094606044041718,0.18424492353659963,0.16389846610435996,0.11409967435991532,0.16533738919363633,0.21635661712793072,0.2393466697963349,0.22082713837556742,0.27457228395858446,0.30269234370397574,0.05577357035292789,0.08286112925488565,0.04202890387854763,11.781778121545537,19.19116718939291,25.752966699129544,8.485909005769237,14.38222326561497,12.157009742911496
G,0.3511917347637187,0.43045254876851946,0.31308548723604157,0.18937958273739988,0.1658169298777399,0.10794829037239996,0.10713497281227606,0.20597974402206762,0.23280250780451617,0.12487692584291676,0.25738938551327023,0.2896925306902695,0.1330841342853523,0.16742382939891443,0.043955804579327434,6.664274755592925,18.17587461677032,25.486337576597816,11.571483565122994,20.133308415988658,12.028213005493434
G,0.34899983717306227,0.4261451965969828,0.21680585236700878,0.17884006729986698,0.16230628303607278,0.10465915451672896,0.16718380534869348,0.21138195951247166,0.2318149489911964,0.2184287655888891,0.26324659457204164,0.28771229867973047,0.04713613734198198,0.07089930035573515,0.03952960658674957,11.777547005008255,18.810401861111437,25.203629941528824,8.14579384260059,13.891649203700016,12.106652171390527
G,0.3447058523403203,0.4218627545356432,0.22764357432378118,0.17650346307765793,0.15922370886753648,0.10377682696595666,0.1558899148755286,0.21027734031032963,0.23118696332316935,0.2036725675589309,0.26218408554127776,0.28740904376525844,0.05927978624659887,0.08549012530100944,0.039708308359840294,11.36083868977378,19.49924129677414,26.029529308479027,8.586759318200988,15.478369563344376,12.251640365656472
G,0.3399319926026774,0.412862203026399,0.2843358900791859,0.17853756188888623,0.15983137311651213,0.10180659591712267,0.11350727155827667,0.20289708302444312,0.22928304562989443,0.1361769789743186,0.24984415065599289,0.2795980685695307,0.11415270662622334,0.1461595395390833,0.04149620801894216,7.534578992784034,18.374270702488218,26.776977399221025,10.923250952502517,20.691995602221823,12.597660568483445
G,0.20617047336022398,0.24856220166455784,0.12650898524714535,0.11112278075323653,0.0989796949488643,0.0642217786055157,0.11019633546608242,0.12655262669410627,0.14068885510951995,0.13097054018939414,0.14886506598101432,0.16478069214354243,0.021926561548080658,0.03381889382733409,0.021886781912512678,15.400540829621056,19.82215466907125,25.462766007628066,7.585146111878402,10.096450576274396,9.990251485852086
A,0.3536929268516317,0.202059236073172,0.17857236648616087,0.1614860449945345,0.16596860546756684,0.1582853460701177,0.1838047077446748,0.21873573906296745,0.24832905156414883,0.046401925746781605,0.09951696375287089,0.13681691317802588,0.05452447108851514,0.09055406778891663,0.04015850759130217,12.100765162390463,29.1390211261181,42.24236379446165,17.544739634059717,30.195824546088314,14.010193610890084
A,0.4687544967293285,0.28305784163267805,0.23956725668469175,0.1983634174035079,0.21163119329304872,0.196464844061195,0.24789078432217557,0.3107221680156406,0.354125758856771,0.05983956810283813,0.12568435092327507,0.1769253235659911,0.06609740643324928,0.11928850375307751,0.05996698669181724,9.058083260330653,22.60268470709285,38.620560760360306,13.620880352898979,29.848286516127295,16.414337887902775
A,0.44501191021116043,0.27212473682397115,0.24246795891994866,0.21412000609825435,0.2337226421966485,0.18461531688920993,0.22638230740757936,0.28612079257563594,0.3362804365263125,0.04959304039222815,0.11414760567092372,0.17244819825142443,0.064670709587591,0.12501221428558634,0.06594820168592269,8.880525576480666,23.501950286698037,38.940856085352756,14.66057489689686,30.370545750022107,16.184895747191288
A,0.4486448815760484,0.27737933059840414,0.24616808941890012,0.2152583470731987,0.2333636291127623,0.1847057243936592,0.22910507666202298,0.2902759534765847,0.339350449814921,0.0523221330937413,0.11700000818396993,0.1724913623011422,0.0648798924863212,0.12241617608962961,0.06390955980277695,9.2228456671453,23.4125267082996,38.26749817607909,14.239090944716615,29.42724417045669,15.721713374090811
A,0.44880167046977903,0.27904537810427005,0.2463279641004963,0.21590579853372535,0.2340979665492591,0.1836170805805961,0.2278108384240126,0.28832549076752145,0.34142938734181244,0.05159087851621491,0.1164533255465301,0.17659614917807126,0.06498770795708993,0.12733621641707313,0.0677758743015456,8.731306530560047,22.997373018699097,39.036270836709896,14.308981923199331,30.605926628938544,16.701903999868048
A,0.472409207573765,0.3058326539460629,0.2874839680962906,0.25705132036908435,0.253416896380665,0.1740788906715268,0.21391110707422542,0.27026969050409577,0.3138511637612416,0.058611531594069385,0.12131406669882187,0.16992226624090823,0.06726826034174448,0.1143574141817229,0.04877038747149166,10.775492523530737,22.850651117734927,33.75302839784915,12.67338289979315,23.335752688746435,10.939107310577937
A,0.4849553024224717,0.31997732362892983,0.30039534209344365,0.27143749226544495,0.2621016960598991,0.1737636097135745,0.21612864345733201,0.2737471023478134,0.3210066203304861,0.0604635472262289,0.12490168903714341,0.17537473156168226,0.0679325366694809,0.11788750524638146,0.050623701330328896,10.590037940956588,22.520206751067942,33.21767379882498,12.357401762951048,22.92066155360353,10.707737499043661
A,0.48732932895674297,0.31927326706103165,0.2977773888551164,0.26726101389187074,0.258217150612445,0.17779293723527526,0.22025283674263377,0.27708633027011176,0.3260285266216275,0.061193657411646986,0.1267880106846188,0.17971570131324668,0.06947780845435388,0.12149829986758837,0.05306614574628176,10.665003728062416,22.832072394715023,34.23704380971498,12.706115764514117,23.911414773517176,11.427601108721388
A,0.4897525114760587,0.3237836047591086,0.3002461057560223,0.26860535605247227,0.2554297887798003,0.17867188430807682,0.22254662000370107,0.27884029624713624,0.329899270561661,0.06052733205784167,0.1266031918737198,0.18057447076215866,0.06964149208234721,0.12285334574976295,0.054273199371170845,10.264153619775886,22.279640355500145,33.78757200072374,12.544901319818365,23.83929100250557,11.540183878450419
A,0.49329703996944596,0.32427624389420573,0.3019422705132482,0.2699390014802914,0.25539415272360083,0.18045677569006563,0.22308415777474924,0.2794895814995822,0.3320082307836404,0.06018268101259509,0.12614685523590255,0.18108046167316336,0.07000046676573181,0.12411036539445484,0.05541574669540793,10.249802475153503,22.186602762448043,33.8322643837194,12.52234747727192,23.912827861725702,11.692860572804822
B,0.21158653872001354,0.39637399013745417,0.4346734486415344,0.41278773744491914,0.34024698530236963,0.19246386376770153,0.22576712808301772,0.20189554090918208,0.13060488849863053,0.05291756151551485,0.06535249943702848,0.10750449152587706,0.037439026649542864,0.11380937157302477,0.08063957034427031,5.045875160600886,8.971624537636066,14.34424228352085,4.114047932698154,9.478346227907709,5.391168177077852
B,0.21501283837145757,0.39748210546586715,0.43372418011639213,0.4097852671336189,0.3400319717605915,0.1932492423925126,0.2237802200236725,0.19671932672130515,0.1263545454862894,0.04823273924233051,0.05762383444892097,0.10503839830098573,0.0369055075844222,0.1132167715291979,0.07913527504504375,4.397197141235854,8.001011115580194,13.739180315764283,3.8228750967379868,9.495972475592493,5.7431937308966035
B,0.19024775448557776,0.3924159616382545,0.4249512071121046,0.3991787873541759,0.3350161284005958,0.20970920082501998,0.23860834614269621,0.21025894943469214,0.14588585071236954,0.04198694921770476,0.05184661765562299,0.10229913738545604,0.03839086276762726,0.1106853389929611,0.07463650742280496,3.7296554915732343,7.44952270832263,13.41338600933392,3.964027203713611,9.81190119087565,5.980626873488363
B,0.19911798041464215,0.39632301072769527,0.428038362784749,0.39786284475989986,0.33498570501796077,0.20522823373644566,0.23240702141012376,0.1999037258263518,0.13766847884866776,0.04568749876586789,0.05755963699528014,0.11022644622582695,0.041351581579198965,0.11396311851679508,0.07402447695116814,4.580176895743101,8.311981047888448,14.441228406974426,3.9311611733937055,9.97007736305908,6.137946740542323
B,0.20815573795776643,0.402626081354751,0.4385546463594552,0.40577781656212114,0.33809714352603115,0.20133043354562988,0.23352700731189868,0.19923170095972265,0.13502574629977437,0.05120928813123071,0.0588057483283874,0.1184320749508477,0.0420457440505818,0.12327292691903889,0.0819019797109585,4.980771835463361,8.333551484641545,15.470334982785994,3.582549669407469,10.648185360890801,7.142525875078579
B,0.19685938236357925,0.47443199052928664,0.5007052753306731,0.4634264285456727,0.39133823533131396,0.2882853718448551,0.3190338666614356,0.2841846546743337,0.21622646212150537,0.04394662481202816,0.05867974815645347,0.11838573360420271,0.04721949399439205,0.12682088259926336,0.08101305790223924,4.145505564509897,7.04954656064441,11.232294998603507,3.451864504420513,8.31985234291445,4.978509290771281
B,0.19510576234279317,0.4758073604868121,0.5012808617388178,0.4641270268998805,0.39045734101070817,0.29066247362714104,0.31992133265694156,0.2846713848790228,0.21392686726001847,0.0441076517873632,0.0608582135337921,0.12157863894272443,0.047710970892858785,0.12882956371737253,0.08283982956520372,4.228627764972624,7.28906101287672,11.530452017715263,3.560029875086551,8.517171270373083,5.1041173960498805
B,0.19960017468755933,0.4839422925778734,0.5099630320746954,0.47355486094104826,0.39796716100617574,0.2962618217424744,0.3270746691542901,0.2930835894909104,0.22067281719481216,0.04767925970453864,0.06501857644604792,0.12436620917525165,0.04759948814870882,0.13022390275635018,0.08475194883583084,4.6120383429758425,7.689431694831405,11.754230168598474,3.5793102786369775,8.460504504282971,5.064287532921358
B,0.19713634150586318,0.48370590284909293,0.5090235390255635,0.4725242650671043,0.3961080031831372,0.2981465545751457,0.3280320701645217,0.2938119838943318,0.22040941636619343,0.047354434326690446,0.06579046473201879,0.12594120836407177,0.04803481730786742,0.13121127450350564,0.08543861845509465,4.624971598659939,7.777747336909621,11.86689406498903,3.652533091299035,8.537438497593262,5.065988158388327
B,0.19897990612539554,0.47918089138575026,0.5064365356476869,0.46847592077812145,0.3942423594224485,0.291553464889495,0.3231559141653882,0.2873359940368022,0.21586230149699948,0.04928837080193481,0.06663035354734333,0.12503894461784892,0.04906878605480607,0.13076375216962655,0.08364663643599486,4.780601767110462,7.961071548890561,12.120275706511551,3.6617823929375506,8.622835255988472,5.144743333891442
C,0.24492981772808042,0.3437933115894819,0.341862088833186,0.34588790919817447,0.3362567845196148,0.18756559732407851,0.1843352435848378,0.20510656878038908,0.21881709584978667,0.013237835494239021,0.02799334331938448,0.059815945440204646,0.02608714539144694,0.05625753555841297,0.03342821285016414,2.2015898293729363,4.645319349681639,10.01509315664873,4.302045192229913,9.473431698786694,5.385132727524784
C,0.2526963758586763,0.35574238488182636,0.3538077521811005,0.35516329516319,0.3477642075180947,0.19183690990656502,0.18528241717379734,0.20552457727190593,0.2235485142291655,0.019865943329176197,0.030747963333030898,0.06497276102181622,0.028085273788421423,0.062462024855845136,0.03602588535409,3.2016516544531215,4.962187405846011,10.521014582850114,4.541091617236082,10.170705460749398,5.755091370782275
C,0.24637176058960567,0.3557228600138978,0.3551668335668769,0.35481676926540895,0.34232744713955077,0.192087002489725,0.19105781396615013,0.21161407277595798,0.22665016932589585,0.00992631866888427,0.0324041655141352,0.06934596378196617,0.031026427869175876,0.06704876240731492,0.038350238767133955,1.6137865533703084,5.230681838586625,11.191597549406943,5.014135957795224,10.832018290505408,5.968252706749676
C,0.25871875728046445,0.34465499611568423,0.34743501326623555,0.3406562682348308,0.3281821061622172,0.1740466292159714,0.18286287132463552,0.1855262302864097,0.18871565227139522,0.021941633676608112,0.03808063886323096,0.06275423551422102,0.01779290041639164,0.044089191976550667,0.02643694284297179,3.611880125692685,6.340026509832066,10.332799562413165,2.7501668563684496,6.738173915023123,4.002339991435343
C,0.22214340425785378,0.22480013013183947,0.2441255147140513,0.2502001801898137,0.24172489032449773,0.18818818337297796,0.26950448905482893,0.3107644754332049,0.3292406570458948,0.08625034847043281,0.1342888804804114,0.1623814359839302,0.05037911299254865,0.08421199677375045,0.03741716009096855,20.67329980855019,32.28429281993031,40.53556329007579,11.618680063358585,19.957593396663054,8.504993682283425
C,0.24779393918230208,0.3445724616558241,0.3407066422568179,0.34224100432869087,0.34169988924922123,0.21607242204166963,0.22608748174549445,0.23913277465647972,0.2579256102776879,0.053631028046400665,0.08651863152655989,0.11706089835879614,0.032924456586422846,0.0643379532068703,0.03261854891027016,8.95713657523351,14.470357729394719,19.638067530630188,5.525612206794102,10.82116723773876,5.4715472530235
C,0.25247393802928425,0.34751275024881867,0.3399342100242429,0.33979798250585164,0.3389760672523707,0.21892363734907658,0.22530426056895542,0.23583138605281395,0.25379095637461996,0.05395106610340767,0.08564118275424032,0.11741387178240964,0.03170492313245636,0.06404111061900945,0.03320119456303189,8.916633824327048,14.2600005918831,19.646298734585038,5.352111460696133,10.826828672912505,5.610658378441867
C,0.250302762605794,0.3390878434023363,0.33743514758999743,0.3371998719820092,0.3378441993449342,0.21439943631958644,0.2236825894003026,0.23111182560383747,0.24673613731089078,0.04723122299451641,0.0720710973191159,0.10026971363963456,0.024894017205571002,0.0535102468984479,0.029188033769934302,8.005358089878367,12.233250771990612,17.036762665919486,4.236001468093529,9.092830081901807,4.960927487142926
C,0.2529992671458598,0.3304228722302077,0.32952912735526557,0.33216566061386144,0.3329189528403378,0.2034331272694465,0.21347506250621887,0.2239019996403483,0.23866031737300905,0.047355352886808796,0.07160695188229269,0.10058039585769529,0.02430000330760611,0.05354874523330322,0.029531515064675436,8.231853581625488,12.4070446952189,17.43879589503455,4.191515577770916,9.257770385611913,5.094003221923579
C,0.25760658121990354,0.339345648043288,0.33601877346590286,0.33774658243349964,0.33509082287673203,0.2097655300224798,0.21789277396100665,0.227551749672809,0.23907486835281005,0.04662952070775378,0.07129129572674839,0.09984509964870442,0.024701025056572717,0.05347874228780774,0.029222545077750614,7.901607643409282,12.087109305662434,17.013385203657514,4.198601539853213,9.142946769826011,4.963740844851261
D,0.29478957512924786,0.6023272020011462,0.2994229726775519,0.2780815634113802,0.2730495512450491,0.3311809485214749,0.03684968041297172,0.08555146607619099,0.11775423424815944,0.31836812200550946,0.34790510490877186,0.3713847157671169,0.05558535276039294,0.09016892691771462,0.03586376248305323,13.254921224339496,17.726196051537173,24.452991309723437,10.208486994908602,17.346502383114967,7.3942961346146525
D,0.2579794234515406,0.5983019882138209,0.25472168509965326,0.23452437562543033,0.23648305494548497,0.3616459119906883,0.02940369611915254,0.08240058501574073,0.10685940559170379,0.3580057762402316,0.38173219142011255,0.3966678561854164,0.055024545196759415,0.08064129962118567,0.030626132836396723,14.80763725640747,17.768687772345064,24.962393285366574,12.025043300839867,18.419758503920136,7.448986829122896
D,0.26568842520108,0.6024949690317455,0.26409813892625306,0.23838799300653585,0.23801473736655623,0.3580128260526996,0.027283553745055256,0.08235278357325104,0.10751351661888034,0.354057255893481,0.38385099277191936,0.40193611932950063,0.05818315772030182,0.08442420242804578,0.03154054980568774,15.001699010262355,18.452983309236345,25.854793691170133,11.944427217026757,18.43140432314569,7.599203774941859
D,0.26155312920043045,0.5989613398857679,0.26246870280255136,0.23932147287510025,0.23782596038883808,0.3604293026266528,0.026678262160288745,0.07757391192149027,0.10328078333927092,0.3518431239201713,0.379282384882138,0.39894326765732535,0.055872274554220676,0.08420461896173968,0.03291495453350671,14.897365148152046,18.310850509862902,25.956604899001388,11.649655520532487,18.548509069665005,7.910230882723814
D,0.26248502830614273,0.5975613178713451,0.257777656155542,0.23427081846129444,0.2372315937588941,0.3606784158411197,0.03298773992503217,0.08735859495179758,0.11418359773168585,0.3561466389203485,0.3834996203367594,0.3995777293800756,0.0572108821911558,0.08551217519037738,0.033095146403453894,15.628116960862513,18.8991885709928,26.517360350243077,12.188254272972634,19.326342230328592,8.025038557654666
D,0.2500313184300317,0.6986270208692479,0.31194247260982555,0.24802007616366173,0.23641365142373214,0.4843101527661774,0.07249191892279279,0.05923774226211796,0.09627321025541932,0.4124314942606525,0.46495130387035194,0.48636726570059396,0.07294974176370882,0.11290089452148167,0.046932997791464585,17.67559826581358,15.825348225749751,21.466193241709675,7.251332021753219,17.778693037925358,10.781147970597237
D,0.2261084729041366,0.7075142016325447,0.29472757998426985,0.23700161138714296,0.2298237469313769,0.5018396346837481,0.06997337300867817,0.048721788558103725,0.08259514566841365,0.4366312468007548,0.48043226158705704,0.4967402111899053,0.07045901724408436,0.10457696898297035,0.04203355000347489,17.930593925806708,13.623036864747702,19.453054406221973,8.772198297692743,18.1300106599084,10.186863655535376
D,0.2515788432877601,0.7072638873127433,0.31730434351418535,0.2519052926846263,0.24053766957473738,0.48878371410597027,0.07271672896150647,0.05236153172988814,0.08764508023792669,0.4173024708465174,0.4706985830255839,0.4911452562857406,0.07354306408846856,0.11080326637107431,0.04473186443398911,18.044239777772766,16.234081031878663,21.369564123925073,6.827156731556421,16.631780600960965,10.08839294195152
D,0.23929985201147974,0.7033794398201428,0.31277027551082787,0.2463764623335894,0.23377024728629286,0.4923636396264015,0.07806922312702558,0.05051423889796302,0.08480352498358092,0.41684765158914366,0.4709510315899518,0.4921774934517907,0.07477074803528198,0.11218301194290509,0.044317604827789285,17.853445633752283,15.708749175055804,20.934331076615006,7.108179377752131,16.94128539222777,10.162233067636292
D,0.24477024260616592,0.7074804814985887,0.3091435749631767,0.2452123643334019,0.231429684760589,0.4956471546049118,0.07306729058348829,0.062396180112788385,0.09676032016517326,0.42428310004546266,0.47546458293341315,0.4993429207853405,0.07470529767355726,0.11372340782592998,0.04511693597780528,17.973108541487274,15.34955952588524,21.46900170595014,8.054632972860311,17.85971541349759,10.352139047916134
E,0.22946873982118343,0.24666397768955295,0.24192858553305088,0.21949028667728626,0.22405588937173593,0.09091377642303065,0.04888381234485367,0.029470603519730663,0.03257936894793647,0.055867670396703595,0.09409996477956503,0.11969770757245235,0.04438718963191853,0.07121715161219064,0.03142745965605463,13.088873113463894,22.327734080838034,28.956669260286013,9.539867186514597,17.031270553327673,8.048513121585534
E,0.2203023202877093,0.23713540879441114,0.23353073627839607,0.21109354665925253,0.2179313458683435,0.0805758114336799,0.042377586307226676,0.03264754802043797,0.04515201794300647,0.05206349839511787,0.09057123018829846,0.1194839578801388,0.04396627344997073,0.07179274556315943,0.032294928650503554,12.676093136745939,22.358974672775307,30.06860135904413,9.775688118275115,17.873763185054692,8.447423938644679
E,0.2172437838009144,0.2341194384106693,0.23243518925493262,0.21034527112314602,0.2131032994898424,0.08193165684026227,0.04377489921584924,0.031424272349128965,0.04461733717117857,0.05253918032745443,0.09055066053730719,0.12027498160522596,0.043997347330901014,0.07335631380641858,0.03234706058976573,12.929696785825225,22.710083331832582,30.746885489326004,9.87855188731347,18.298415499602896,8.738672538446284
E,0.2157184577108569,0.25451511616508404,0.24436602940299124,0.21971295954161785,0.21967383781819216,0.06534577739204583,0.04363363568093247,0.06259980903423513,0.07141623778243839,0.05472463988136611,0.10414073607036424,0.12427884831244604,0.0529760644821926,0.0733039002053438,0.029658421104540502,12.382844107448102,23.95815906804386,29.224284004413935,11.619681571623747,17.13541770104534,7.749488380860994
E,0.234693999277835,0.23626175922445158,0.23553888347738358,0.22272254629948607,0.2284051236173472,0.07523891257565583,0.034379650400185764,0.03109151782910378,0.042750477117887105,0.05005465208739413,0.0876213762553875,0.11274316741117622,0.04048746672867958,0.06589669031715062,0.02848723179716978,12.183771209261243,21.75566060980501,28.020313355324326,9.625042693126227,16.240300795244305,7.104790593291289
E,0.27471461776635814,0.3178079069673402,0.2829488785830722,0.2598554019598068,0.2645943272309856,0.08804287264214612,0.032818054484543856,0.021317045512439913,0.05938333413402642,0.05611151363723992,0.1075139748800008,0.14716936787808765,0.051627613970563195,0.09211963277334197,0.04251262527890608,8.413057819290275,18.13283754879729,27.371609201111546,9.773137585510826,18.992174078937655,9.246570991342827
E,0.2454530245728467,0.288020754082989,0.2631047399788276,0.2408242442863544,0.23854962874452704,0.07100784572728669,0.03208151851593996,0.016376454614235175,0.054027133134957085,0.04339862111690742,0.08228578692190595,0.12021052315604219,0.039797441221972436,0.07714467517963562,0.03972121511079855,7.40675811438021,14.707487546658527,24.12771465931589,7.51818871149329,16.788473454362055,9.496462741856458
E,0.25029792851379884,0.30425921692451596,0.27486120012610676,0.2561641695625439,0.24948029264956859,0.07924756574117023,0.03412658590825592,0.019396325863230486,0.05610344569981779,0.04748208493296008,0.08857898275831232,0.12859473429262497,0.04118327989291595,0.08140722554881313,0.04059743220420667,7.397932415153693,15.314229530362391,24.38015238850393,7.935488055126199,16.988963159476793,9.090748439938611
E,0.29591223890111285,0.32202376059972515,0.29944042854981573,0.2757644652605075,0.27120180897273377,0.09147041143199204,0.034516636565011034,0.024166005121195426,0.059706033771792455,0.05747289529442348,0.10815941363496263,0.1478508751913242,0.05147601888497916,0.09078644396977739,0.04008712629049096,9.766701007639885,18.884951774590903,27.17379163664,9.12758311210545,17.41708800199094,8.356730745816467
E,0.293480677015606,0.3352156953935485,0.3091685500425764,0.28288455240082916,0.2781351912207107,0.10457858858422124,0.042278881172920176,0.015233860057184738,0.05106824801289675,0.06332297942714099,0.115015540234538,0.15454993473950476,0.052767498750647505,0.09174079475348157,0.03970760522415119,10.28927172932937,19.147231709827143,27.205838192991305,8.877741586513626,16.93201458588992,8.064358171949769
F,0.26778297823443553,0.3028085059384772,0.5799751420345748,0.5824544968104829,0.4616232026228408,0.04342109148291961,0.3606201982731617,0.38079987670887544,0.333213323057985,0.32147483853047604,0.34085030214588635,0.30239248219586096,0.07565652732741274,0.24196311028167397,0.1889520639036586,22.410234206822746,26.832075843002034,40.25896794449334,7.460744750008244,23.534804153639733,16.105236307860302
F,0.2969584782754911,0.33267680045899156,0.57085356863416,0.573444095726426,0.47735314756844593,0.05643375240283065,0.3637555257614831,0.40162671317182597,0.4173461975124241,0.3085876494463281,0.3476491043851348,0.37930508597308776,0.09845472750913173,0.29368123248866135,0.21415232137467785,26.020628718267435,33.36725648174751,52.199604138607256,9.869203758573846,30.931467318533198,21.07778954213097
F,0.2489032926749789,0.29275107578711757,0.5567932409334821,0.5576428203351143,0.44686265525421753,0.049666975310236915,0.342785952188457,0.3610746257311742,0.317034170321481,0.2983605844881988,0.31651553717228986,0.2853871666206468,0.08108845051962718,0.23912958826891145,0.1796318785087426,19.81533672557586,24.760440372385894,38.787140883354894,8.346072281622293,24.581765859952597,16.285685335877965
F,0.24469574872519814,0.2948358069299908,0.5743513754532349,0.5892321134637418,0.46482238375627394,0.06266573477479705,0.41042911207771154,0.4476416173638041,0.3833206132232147,0.3531184050272255,0.39231928278905964,0.3432708282044523,0.08826575941793972,0.24147606217871684,0.18823364060260692,30.400564257006426,36.24870515947152,47.50636883993997,8.577958686843884,24.040633220657057,15.513170945695373
F,0.29924881065481496,0.33643483871718866,0.5755273935021539,0.5681872235990504,0.4726488682530388,0.051008067334856425,0.36275087135254397,0.4039656525237346,0.4373759019810922,0.32028321511557,0.36351440182924954,0.413147592408262,0.11323224966177631,0.3227836167810884,0.22596029189446462,28.02795089697026,37.359656822618376,58.55859712273946,11.340759801409005,34.112031106429896,22.790237280788954
F,0.32276580222102325,0.3708807234623436,0.65615808614789,0.6416275121988211,0.5467061178569402,0.06117193290593869,0.3845967726799462,0.3952111857939043,0.3608214121540563,0.32765423925843135,0.3374768455380959,0.31147067168953047,0.08754032175429458,0.2222297094734763,0.14772847204321798,18.80348221584477,23.834282034419683,33.17543967272753,7.62951539992152,18.58361461650015,10.968238381524525
F,0.3254002650009006,0.358850750096063,0.5574102901141368,0.5362817158600898,0.46681154800301394,0.0504914914800579,0.3017713944943651,0.330023179022201,0.3538142025610531,0.2587407771574217,0.2877290005034508,0.3210447567051563,0.09785889586232115,0.23377077689839995,0.14311666782785692,21.376967390103506,29.923233366020337,43.35258855648813,10.027068014071036,24.389670457952008,14.366958133858867
F,0.36772486910765306,0.3393694767275835,0.6067382945512757,0.5616816501979751,0.4763876545956671,0.0315181215658198,0.2710946734054295,0.24730023675965276,0.2508889048057929,0.29560649924380394,0.2651859263374115,0.25129958515285156,0.08387034359291431,0.22945540531506572,0.14775926296691164,15.972696107906199,19.061082458944437,30.37337745279106,6.9485399018451774,20.229857301157175,13.395618064799624
F,0.32793222735166977,0.3627381833675548,0.5474300815076064,0.5343714897621603,0.4700086568864121,0.05295891642545176,0.29584311190089274,0.3322968967257429,0.3554446834404697,0.24754707151279906,0.2856997336747104,0.3186634459353303,0.09321591880990741,0.21791073787144366,0.133317419196132,21.316537285291414,30.067804619812737,42.613713462284004,9.790425266940295,23.16617412960654,13.37917801486995
F,0.3680896727251191,0.33126262817155167,0.5908220015369162,0.5520259169876423,0.4722871182213386,0.038654187367285604,0.25362786123737824,0.23556701650987594,0.2463428070617297,0.28942980524521417,0.26646948186863506,0.25934225243646297,0.07760743068462997,0.22059296576928542,0.14522830458004402,16.644250081798095,20.098316151182104,31.939865395510257,6.7487524803874654,20.285188583884036,13.65343456325154
